STT,Ngày,Mã,Tham chiếu,Mở cửa,Đóng cửa,Cao nhất,Thấp nhất,Trung bình,Thay đổi giá(+/-),Thay đổi giá(%),KLGD khớp lệnh,GTGD khớp lệnh,KLGD thỏa thuận,GTGD thỏa thuận,KL Tổng giao dịch,GT Tổng giao dịch,Tổng giao dịch
1,04/05/2020,AAA,12.35,11.95,11.65,12,11.6,11.79,-700,-5.67,"2,753,670","32,465",0,0,"2,753,670","32,465","1,994,480"
2,04/05/2020,AAM,11.5,11.5,11.5,11.5,11.5,20,0,0,50,1,0,0,50,1,"120,189"
3,04/05/2020,ABS,16.65,15.5,15.5,15.5,15.5,15.48,"-1,150",-6.91,"50,130",777,0,0,"50,130",777,"446,400"
4,04/05/2020,ABT,32,34,34.1,34.1,34,34.38,"2,100",6.56,640,22,0,0,640,22,"392,056"
5,04/05/2020,ACC,19.2,18.4,18.4,18.4,18.4,0,-800,-4.17,"1,200",22,0,0,"1,200",22,"184,000"
6,04/05/2020,ACL,18.4,18.4,18,18.4,17.2,17.72,-400,-2.17,"16,540",293,0,0,"16,540",293,"410,394"
7,04/05/2020,ADS,10,10,10.3,10.3,10,10.1,300,3,"3,070",31,0,0,"3,070",31,"262,833"
8,04/05/2020,AGG,27.8,27.7,27.3,27.7,27,27.36,-500,-1.8,"202,060","5,528",0,0,"202,060","5,528","2,047,500"
9,04/05/2020,AGM,12.85,12.45,12.4,12.85,12.2,12.39,-450,-3.5,"26,440",328,0,0,"26,440",328,"225,680"
10,04/05/2020,AGR,2.8,2.8,2.77,2.8,2.75,2.78,-30,-1.07,"66,900",186,0,0,"66,900",186,"585,024"
11,04/05/2020,AMD,3.35,3.12,3.12,3.24,3.12,3.14,-230,-6.87,"5,346,100","16,774",0,0,"5,346,100","16,774","510,135"
12,04/05/2020,ANV,16.95,16.95,16.6,17,16.5,16.73,-350,-2.06,"154,400","2,583",0,0,"154,400","2,583","2,110,323"
13,04/05/2020,APC,16.5,16.5,17,17.3,16.45,16.98,500,3.03,"40,840",693,0,0,"40,840",693,"338,385"
14,04/05/2020,APG,9.1,9,9.09,9.15,9,9.09,-10,-0.11,"552,330","5,020","431,960","3,659","984,290","8,679","309,323"
15,04/05/2020,ASM,4.64,4.7,4.96,4.96,4.65,4.94,320,6.9,"4,134,150","20,412",0,0,"4,134,150","20,412","1,283,985"
16,04/05/2020,ASP,5.3,5.3,5.23,5.32,5.13,5.24,-70,-1.32,"75,550",396,0,0,"75,550",396,"195,286"
17,04/05/2020,AST,53.6,54.5,52.5,54.5,52.5,53.67,"-1,100",-2.05,"55,690","2,988",0,0,"55,690","2,988","2,362,500"
18,04/05/2020,ATG,0.55,0.56,0.55,0.56,0.52,0.59,0,0,"7,980",4,0,0,"7,980",4,"8,371"
19,04/05/2020,BBC,43.8,43.2,43.2,43.2,43.2,42.37,-600,-1.37,590,25,0,0,590,25,"666,178"
20,04/05/2020,BCE,7.58,7.64,7.47,7.65,7.46,7.56,-110,-1.45,"99,790",754,0,0,"99,790",754,"224,100"
21,04/05/2020,BCG,5.02,5,4.9,5.02,4.9,4.93,-120,-2.39,"173,820",857,"300,000","1,611","473,820","2,468","529,228"
22,04/05/2020,BFC,12.6,12.55,11.8,12.65,11.8,12.17,-800,-6.35,"278,160","3,375",0,0,"278,160","3,375","674,582"
23,04/05/2020,BHN,56,54,54.1,55,54,54.49,"-1,900",-3.39,"16,460",897,0,0,"16,460",897,"12,540,380"
24,04/05/2020,BIC,24.8,24.8,25,25,23.5,23.63,200,0.81,"8,460",204,0,0,"8,460",204,"2,931,922"
25,04/05/2020,BID,35.6,35.6,35.3,36.4,35.1,35.76,-300,-0.84,"655,630","23,426",0,0,"655,630","23,426","141,977,237"
26,04/05/2020,BMC,11.1,11.05,11,11.05,10.9,10.97,-100,-0.9,"27,260",299,0,0,"27,260",299,"136,319"
27,04/05/2020,BMI,22.6,22.6,21.6,22.75,21.05,22.25,"-1,000",-4.42,"374,420","8,300",0,0,"374,420","8,300","1,973,247"
28,04/05/2020,BMP,47.2,47.2,46.7,47.2,46.5,46.83,-500,-1.06,"236,430","11,070",0,0,"236,430","11,070","3,822,906"
29,04/05/2020,BRC,10.5,10.5,10.5,10.5,10.5,0,0,0,0,0,0,0,0,0,"129,937"
30,04/05/2020,BSI,8,8.13,7.6,8.13,7.5,7.76,-400,-5,"21,270",165,0,0,"21,270",165,"923,937"
31,04/05/2020,BTP,15.8,15.7,15,15.8,15,15.37,-800,-5.06,"48,590",746,0,0,"48,590",746,"907,284"
32,04/05/2020,BTT,35.25,37.7,37.7,37.7,37.7,0,"2,450",6.95,10,0,0,0,10,0,"508,950"
33,04/05/2020,BVH,46.2,46,44.1,46.45,44.1,45.78,"-2,100",-4.55,"449,700","20,468",0,0,"449,700","20,468","32,736,434"
34,04/05/2020,BWE,20.4,21.8,20.7,21.8,20.5,21.01,300,1.47,"232,560","4,892",0,0,"232,560","4,892","3,105,000"
35,04/05/2020,C32,23,23.1,23.4,24.1,21.5,23.69,400,1.74,"134,590","3,183",0,0,"134,590","3,183","351,705"
36,04/05/2020,C47,8.19,7.9,7.9,7.9,7.81,7.85,-290,-3.54,"14,780",116,0,0,"14,780",116,"134,459"
37,04/05/2020,CAV,62.7,65.2,65.2,65.3,65.2,64.71,"2,500",3.99,520,34,0,0,520,34,"3,748,311"
38,04/05/2020,CCI,13.5,13.95,13.5,13.95,13.5,12.9,0,0,320,4,0,0,320,4,"236,805"
39,04/05/2020,CCL,6.61,7,7,7.07,6.65,6.96,390,5.9,"458,250","3,190",0,0,"458,250","3,190","332,499"
40,04/05/2020,CDC,14,13.05,14,14,13.05,13.86,0,0,"1,010",14,0,0,"1,010",14,"219,890"
41,04/05/2020,CEE,15,14,14,14,14,0,"-1,000",-6.67,10,0,0,0,10,0,"553,000"
42,04/05/2020,CHP,19,19,19,19,19,19.03,0,0,"11,300",215,0,0,"11,300",215,"2,633,372"
43,04/05/2020,CIG,1.69,1.69,1.71,1.72,1.69,1.73,20,1.18,"1,790",3,0,0,"1,790",3,"53,933"
44,04/05/2020,CII,19.85,19.6,19.3,20,19.3,19.63,-550,-2.77,"1,388,690","27,246","1,800,564","34,937","3,189,254","62,183","4,783,279"
45,04/05/2020,CKG,8.1,8.05,7.8,8.05,7.8,7.89,-300,-3.7,"6,040",48,0,0,"6,040",48,"390,000"
46,04/05/2020,CLC,27.35,27.25,27.25,27.25,27.25,0,-100,-0.37,50,1,0,0,50,1,"714,157"
47,04/05/2020,CLG,2.05,2.16,1.93,2.16,1.93,2,-120,-5.85,"47,030",94,0,0,"47,030",94,"40,820"
48,04/05/2020,CLL,28.75,28.5,28.5,28.5,28.5,29.09,-250,-0.87,550,16,0,0,550,16,"969,000"
49,04/05/2020,CLW,28,28,28,28,28,0,0,0,0,0,0,0,0,0,"364,000"
50,04/05/2020,CMG,28.65,28.65,28.3,28.65,27.9,27.98,-350,-1.22,"15,600",437,0,0,"15,600",437,"2,829,996"
51,04/05/2020,CMV,14.95,13.95,13.95,13.95,13.95,12.5,"-1,000",-6.69,160,2,0,0,160,2,"168,850"
52,04/05/2020,CMX,13,13.3,12.5,13.3,12.1,12.41,-500,-3.85,"133,080","1,656",0,0,"133,080","1,656","330,531"
53,04/05/2020,CNG,20.8,20.8,20.8,20.85,20.7,20.76,0,0,"11,800",245,0,0,"11,800",245,"561,593"
54,04/05/2020,COM,44,44,44,44,44,0,0,0,0,0,0,0,0,0,"621,308"
55,04/05/2020,CRC,11.35,11.35,11.35,11.35,11.3,11.33,0,0,"18,020",204,0,0,"18,020",204,"170,250"
56,04/05/2020,CRE,15.3,15.3,15,15.4,15,15.21,-300,-1.96,"282,410","4,289",0,0,"282,410","4,289","1,199,998"
57,04/05/2020,CSM,15.9,15.9,17,17,15.75,16.73,"1,100",6.92,"413,030","6,912",0,0,"413,030","6,912","1,761,629"
58,04/05/2020,CSV,20.6,20.4,20.2,20.55,20.15,20.31,-400,-1.94,"254,650","5,168",0,0,"254,650","5,168","892,840"
59,04/05/2020,CTD,62.7,62.5,61,62.7,61,61.87,"-1,700",-2.71,"258,520","15,985",0,0,"258,520","15,985","4,653,847"
60,04/05/2020,CTF,22.4,22.4,22.8,22.8,20.85,22.12,400,1.79,"150,760","3,335",0,0,"150,760","3,335","1,038,311"
61,04/05/2020,CTG,20,19.75,20.05,20.45,19.55,20.1,50,0.25,"7,526,760","151,228","242,000","4,638","7,768,760","155,866","74,654,261"
62,04/05/2020,CTI,19,18.9,19,19.15,17.9,18.81,0,0,"33,350",628,0,0,"33,350",628,"1,197,000"
63,04/05/2020,CTS,5.68,5.55,5.45,5.55,5.3,5.42,-230,-4.05,"187,510","1,019",0,0,"187,510","1,019","579,878"
64,04/05/2020,CVT,16.7,16.3,16.35,16.5,16.3,16.35,-350,-2.1,"251,580","4,112",0,0,"251,580","4,112","599,896"
65,04/05/2020,D2D,56.8,55.5,53.8,57,53.7,55.31,"-3,000",-5.28,"418,480","23,113",0,0,"418,480","23,113","1,146,476"
66,04/05/2020,DAG,5.5,5.5,5.34,5.5,5.3,5.42,-160,-2.91,"248,720","1,348",0,0,"248,720","1,348","276,579"
67,04/05/2020,DAH,9,9.45,9.5,9.5,9.38,9.38,500,5.56,"211,510","1,984",0,0,"211,510","1,984","324,900"
68,04/05/2020,DAT,8.47,8.47,8.47,8.47,8.47,0,0,0,0,0,0,0,0,0,"389,666"
69,04/05/2020,DBC,27.7,27.2,26.5,27.85,26.2,27.12,"-1,200",-4.33,"2,513,680","68,064",0,0,"2,513,680","68,064","2,414,145"
70,04/05/2020,DBD,52.5,52.5,52,52.5,51.1,51.86,-500,-0.95,"28,570","1,482","50,000","2,625","78,570","4,107","2,723,704"
71,04/05/2020,DCL,21.65,21.5,20.6,21.5,20.6,20.87,"-1,050",-4.85,"115,830","2,417",0,0,"115,830","2,417","1,170,756"
72,04/05/2020,DCM,8.46,8.21,7.9,8.29,7.9,8.1,-560,-6.62,"1,562,950","12,632",0,0,"1,562,950","12,632","4,182,260"
73,04/05/2020,DGW,24.8,24.8,25.3,26.5,24.6,25.85,500,2.02,"911,170","23,514",0,0,"911,170","23,514","1,087,907"
74,04/05/2020,DHA,33,31.9,32.4,33.2,31.9,32.92,-600,-1.82,"22,000",724,0,0,"22,000",724,"477,125"
75,04/05/2020,DHC,38,37.6,37.25,38.2,36.9,37.59,-750,-1.97,"289,090","10,865",0,0,"289,090","10,865","2,085,843"
76,04/05/2020,DHG,93.3,94.8,94.1,94.9,94,94.24,800,0.86,"40,030","3,772",0,0,"40,030","3,772","12,303,205"
77,04/05/2020,DHM,6.09,6.09,6.09,6.5,6.03,6.19,0,0,"220,900","1,365",0,0,"220,900","1,365","191,203"
78,04/05/2020,DIC,1.65,1.6,1.55,1.64,1.55,1.59,-100,-6.06,"169,320",270,0,0,"169,320",270,"40,431"
79,04/05/2020,DIG,11.3,11.2,11.15,11.2,10.9,11.06,-150,-1.33,"965,810","10,702",0,0,"965,810","10,702","3,419,573"
80,04/05/2020,DLG,1.52,1.42,1.42,1.46,1.42,1.43,-100,-6.58,"13,061,830","18,711",0,0,"13,061,830","18,711","425,020"
81,04/05/2020,DMC,51.8,51,50,51.2,49,50.62,"-1,800",-3.47,"54,870","2,776",0,0,"54,870","2,776","1,736,373"
82,04/05/2020,DPG,24,24,23.85,24.2,23.5,23.83,-150,-0.63,"156,930","3,740",0,0,"156,930","3,740","1,037,470"
83,04/05/2020,DPM,14.3,14,13.6,14.1,13.5,13.82,-700,-4.9,"2,696,350","37,248",0,0,"2,696,350","37,248","5,322,146"
84,04/05/2020,DPR,36.5,36,36.6,36.9,36,36.08,100,0.27,"2,060",75,0,0,"2,060",75,"1,468,567"
85,04/05/2020,DQC,16.3,16,16.1,17,15.2,16.41,-200,-1.23,"71,460","1,171","51,490",783,"122,950","1,954","443,685"
86,04/05/2020,DRC,19.25,19,19.8,20.4,18.8,19.6,550,2.86,"1,257,370","24,646",0,0,"1,257,370","24,646","2,352,094"
87,04/05/2020,DRH,4.6,4.6,4.92,4.92,4.6,4.84,320,6.96,"422,260","2,047",0,0,"422,260","2,047","296,995"
88,04/05/2020,DRL,50.5,50.5,50.5,50.5,50.5,100,0,0,10,1,0,0,10,1,"479,750"
89,04/05/2020,DSN,44.8,44.8,44.6,44.8,44.45,44.67,-200,-0.45,"18,720",836,0,0,"18,720",836,"538,902"
90,04/05/2020,DTA,4.79,4.94,5.12,5.12,4.46,5.05,330,6.89,"1,310",6,0,0,"1,310",6,"92,466"
91,04/05/2020,DTL,18.1,18.1,18.1,18.1,18.1,0,0,0,0,0,0,0,0,0,"1,097,421"
92,04/05/2020,DTT,15.5,15.5,15.5,15.5,15.5,0,0,0,0,0,0,0,0,0,"126,353"
93,04/05/2020,DVP,34.45,34.6,33.7,34.6,33.7,34.46,-750,-2.18,"35,150","1,209",0,0,"35,150","1,209","1,348,000"
94,04/05/2020,DXG,9.89,9.65,9.35,9.65,9.35,9.53,-540,-5.46,"3,433,520","32,694",0,0,"3,433,520","32,694","4,850,745"
95,04/05/2020,DXV,2.56,2.7,2.6,2.7,2.56,2.56,40,1.56,"10,550",27,0,0,"10,550",27,"25,740"
96,04/05/2020,E1VFVN30,12,12,11.9,12,11.75,11.83,-100,-0.83,"53,890",637,0,0,"53,890",637,"5,252,660"
97,04/05/2020,EIB,15,14.8,15.05,15.1,14.8,14.99,50,0.33,"284,550","4,272","9,158,398","140,596","9,442,948","144,868","18,502,965"
98,04/05/2020,ELC,5.26,5.3,5.3,5.49,5.25,5.42,40,0.76,"81,630",441,0,0,"81,630",441,"268,279"
99,04/05/2020,EMC,10.8,10.8,10.8,10.8,10.8,0,0,0,0,0,0,0,0,0,"165,211"
100,04/05/2020,EVE,9.87,9.19,9.18,9.26,9.18,9.22,-690,-6.99,"55,920",514,0,0,"55,920",514,"349,280"
101,04/05/2020,EVG,2.43,2.43,2.43,2.44,2.41,2.43,0,0,"215,520",523,0,0,"215,520",523,"145,800"
102,04/05/2020,FCM,6.46,6.46,6.4,6.46,6.15,6.25,-60,-0.93,"43,160",269,0,0,"43,160",269,"262,400"
103,04/05/2020,FCN,8.98,8.95,8.46,8.95,8.46,8.69,-520,-5.79,"1,068,070","9,270",0,0,"1,068,070","9,270","1,011,299"
104,04/05/2020,FDC,8.42,8.42,8.43,8.99,8.42,8.97,10,0.12,"3,180",28,0,0,"3,180",28,"325,651"
105,04/05/2020,FIR,29.75,29.4,29.6,29.7,29.4,29.59,-150,-0.5,"74,020","2,190",0,0,"74,020","2,190","615,680"
106,04/05/2020,FIT,6.51,6.06,6.06,6.1,6.06,6.06,-450,-6.91,"737,820","4,472",0,0,"737,820","4,472","1,543,665"
107,04/05/2020,FLC,2.99,2.79,2.82,2.86,2.79,2.8,-170,-5.69,"19,533,960","54,751",0,0,"19,533,960","54,751","2,002,194"
108,04/05/2020,FMC,22.85,23.4,23.5,23.9,23,23.53,650,2.84,"137,570","3,237",0,0,"137,570","3,237","1,152,534"
109,04/05/2020,FPT,50.8,50.2,50.5,50.9,49.8,50.46,-300,-0.59,"895,530","45,174","145,596","7,556","1,041,126","52,730","34,424,239"
110,04/05/2020,FRT,21.25,20.2,19.8,21,19.8,20.19,"-1,450",-6.82,"793,320","16,018",0,0,"793,320","16,018","1,563,839"
111,04/05/2020,FTM,1.41,1.43,1.37,1.43,1.36,1.37,-40,-2.84,"86,790",119,0,0,"86,790",119,"68,500"
112,04/05/2020,FTS,11.45,11.45,11.35,11.45,11,11.07,-100,-0.87,"28,300",314,0,0,"28,300",314,"1,364,762"
113,04/05/2020,FUCTVGF1,11.9,11.9,11.9,11.9,11.9,0,0,0,0,0,0,0,0,0,"178,500"
114,04/05/2020,FUCTVGF2,8.96,8.96,8.96,8.96,8.96,0,0,0,0,0,0,0,0,0,"152,320"
115,04/05/2020,FUCVREIT,7.4,7.4,7.4,7.4,7.4,0,0,0,0,0,0,0,0,0,"37,000"
116,04/05/2020,FUESSV50,10.52,10.52,10.4,10.52,10.4,10.5,-120,-1.14,"66,620",697,0,0,"66,620",697,"147,680"
117,04/05/2020,FUESSVFL,8,8,7.93,8,7.93,10,-70,-0.88,200,2,0,0,200,2,"211,731"
118,04/05/2020,GAB,146.4,147.9,149.8,152,147.9,148.79,"3,400",2.32,"52,700","7,852","1,985,000","297,802","2,037,700","305,654","2,067,240"
119,04/05/2020,GAS,63.4,65,63.8,65.6,63.6,64.8,400,0.63,"410,240","26,572",0,0,"410,240","26,572","122,110,010"
120,04/05/2020,GDT,27.35,27,27,27.35,26.5,26.85,-350,-1.28,"4,990",134,0,0,"4,990",134,"457,440"
121,04/05/2020,GEG,20.8,20.8,20.7,21,19.5,20.67,-100,-0.48,"303,740","6,280",0,0,"303,740","6,280","4,220,558"
122,04/05/2020,GEX,15.55,15.45,15,15.45,14.85,15.08,-550,-3.54,"1,189,220","17,912",0,0,"1,189,220","17,912","7,323,660"
123,04/05/2020,GIL,17.7,17.3,17,17.55,17,17.21,-700,-3.95,"123,810","2,130",0,0,"123,810","2,130","408,000"
124,04/05/2020,GMC,16.45,15.7,16,16.45,15.7,15.79,-450,-2.74,"1,770",28,0,0,"1,770",28,"427,954"
125,04/05/2020,GMD,18.6,18.6,18,18.6,17.75,18.17,-600,-3.23,"404,050","7,334","1,475,000","27,435","1,879,050","34,769","5,344,649"
126,04/05/2020,GSP,9.9,10.5,10,10.5,10,0,100,1.01,210,2,0,0,210,2,"360,000"
127,04/05/2020,GTA,10.6,11.2,11.2,11.2,11.2,0,600,5.66,150,2,0,0,150,2,"110,096"
128,04/05/2020,GTN,14.85,14.9,15.05,15.3,14.75,15.06,200,1.35,"1,574,100","23,709","36,000",522,"1,610,100","24,231","3,762,500"
129,04/05/2020,GVR,11.15,10.9,10.7,11,10.6,10.85,-450,-4.04,"951,850","10,325",0,0,"951,850","10,325","42,800,000"
130,04/05/2020,HAG,3.6,3.57,3.4,3.6,3.4,3.52,-200,-5.56,"5,100,170","17,859",0,0,"5,100,170","17,859","3,153,158"
131,04/05/2020,HAH,10.7,10.6,10.6,10.8,10.5,10.61,-100,-0.93,"23,950",254,0,0,"23,950",254,"511,023"
132,04/05/2020,HAI,2.96,2.8,2.76,2.89,2.76,2.79,-200,-6.76,"6,432,870","17,928","264,000",729,"6,696,870","18,657","504,205"
133,04/05/2020,HAP,2.92,2.88,3,3.05,2.88,2.98,80,2.74,"156,380",466,0,0,"156,380",466,"166,413"
134,04/05/2020,HAR,2.76,2.68,2.57,2.72,2.57,2.63,-190,-6.88,"604,170","1,588",0,0,"604,170","1,588","254,903"
135,04/05/2020,HAS,6.63,6.63,6.63,6.63,6.63,0,0,0,0,0,0,0,0,0,"51,714"
136,04/05/2020,HAX,10.4,10.6,10.3,10.6,10.3,10.45,-100,-0.96,"195,840","2,045",0,0,"195,840","2,045","377,084"
137,04/05/2020,HBC,8,7.56,7.44,7.7,7.44,7.48,-560,-7,"5,401,870","40,393",0,0,"5,401,870","40,393","1,717,713"
138,04/05/2020,HCD,3.58,3.54,3.83,3.83,3.45,3.73,250,6.98,"1,439,930","5,372",0,0,"1,439,930","5,372","103,410"
139,04/05/2020,HCM,16.5,16.2,15.5,16.2,15.5,15.87,"-1,000",-6.06,"2,091,820","33,150",0,0,"2,091,820","33,150","4,731,482"
140,04/05/2020,HDB,20.65,20.65,21.55,21.65,20.55,21.15,900,4.36,"1,813,200","38,368",0,0,"1,813,200","38,368","20,815,604"
141,04/05/2020,HDC,16.9,16.7,16.6,16.9,16.5,16.67,-300,-1.78,"363,050","6,048",0,0,"363,050","6,048","950,908"
142,04/05/2020,HDG,24.25,24.1,23.4,24.1,23.4,23.64,-850,-3.51,"191,090","4,516",0,0,"191,090","4,516","2,776,379"
143,04/05/2020,HHS,4.17,4.06,3.95,4.16,3.95,4.04,-220,-5.28,"3,183,560","12,837",0,0,"3,183,560","12,837","1,085,239"
144,04/05/2020,HID,2.56,2.4,2.39,2.51,2.39,2.44,-170,-6.64,"508,660","1,239",0,0,"508,660","1,239","140,435"
145,04/05/2020,HII,12.35,12.4,12.2,12.4,11.9,12.12,-150,-1.21,"59,450",721,0,0,"59,450",721,"339,770"
146,04/05/2020,HMC,14.2,13.6,13.25,14.2,13.25,14,-950,-6.69,"9,100",126,0,0,"9,100",126,"278,250"
147,04/05/2020,HNG,12.9,12.95,12.9,12.95,12.5,12.76,0,0,"181,770","2,328",0,0,"181,770","2,328","14,300,345"
148,04/05/2020,HOT,41.5,40,41,41,40,41.25,-500,-1.2,800,33,0,0,800,33,"327,997"
149,04/05/2020,HPG,21.5,21.5,21,21.55,21,21.25,-500,-2.33,"4,834,580","102,516",0,0,"4,834,580","102,516","57,982,556"
150,04/05/2020,HPX,26.95,26.95,27.2,27.2,26.9,27.06,250,0.93,"271,150","7,335","1,940,800","50,998","2,211,950","58,333","6,255,878"
151,04/05/2020,HQC,1.1,1.09,1.07,1.1,1.07,1.08,-30,-2.73,"3,445,600","3,716",0,0,"3,445,600","3,716","509,961"
152,04/05/2020,HRC,33,33,35.3,35.3,33,34.68,"2,300",6.97,"1,420",49,0,0,"1,420",49,"1,066,294"
153,04/05/2020,HSG,7.35,7.36,7.55,7.85,7.27,7.61,200,2.72,"9,077,090","69,017",0,0,"9,077,090","69,017","3,195,338"
154,04/05/2020,HSL,5.6,5.5,5.46,5.7,5.4,5.54,-140,-2.5,"192,660","1,068",0,0,"192,660","1,068","85,995"
155,04/05/2020,HT1,12.9,12.7,12.9,13,12.7,12.84,0,0,"69,630",894,0,0,"69,630",894,"4,921,891"
156,04/05/2020,HTI,11.1,10.7,11,11,10.7,0,-100,-0.9,60,1,0,0,60,1,"274,441"
157,04/05/2020,HTL,13.5,13.5,13.5,13.5,13.5,0,0,0,0,0,0,0,0,0,"162,000"
158,04/05/2020,HTN,14.85,15.85,15.85,15.85,15.85,15.86,"1,000",6.73,"64,190","1,017",0,0,"64,190","1,017","524,036"
159,04/05/2020,HTT,0.92,0.87,0.91,0.91,0.86,0.86,-10,-1.09,"88,420",77,0,0,"88,420",77,"18,200"
160,04/05/2020,HTV,12.7,13.3,13.3,13.3,13.3,0,600,4.72,10,0,"30,000",356,"30,010",356,"174,283"
161,04/05/2020,HU1,5.67,5.64,5.6,6,5.4,5.48,-70,-1.23,"24,640",135,0,0,"24,640",135,"56,000"
162,04/05/2020,HU3,7.21,7.21,7.21,7.21,7.21,0,0,0,0,0,0,0,0,0,"72,100"
163,04/05/2020,HUB,16.2,16.45,16.5,16.5,16,15.84,300,1.85,"1,150",18,0,0,"1,150",18,"251,559"
164,04/05/2020,HVG,5.52,5.62,5.21,5.62,5.21,5.3,-310,-5.62,"149,320",784,0,0,"149,320",784,"1,182,869"
165,04/05/2020,HVH,7.6,7.65,7.57,7.65,7.07,7.54,-30,-0.39,"75,320",568,0,0,"75,320",568,"147,615"
166,04/05/2020,HVN,26.9,26.7,26.1,26.85,26.1,26.35,-800,-2.97,"573,850","15,122","174,000","4,597","747,850","19,719","37,017,391"
167,04/05/2020,HVX,3.26,3.26,3.26,3.26,3.26,0,0,0,0,0,0,0,0,0,"135,372"
168,04/05/2020,IBC,20.35,20.35,20.15,20.35,19.8,20.16,-200,-0.98,"11,640",235,0,0,"11,640",235,"1,644,033"
169,04/05/2020,ICT,14.95,15.95,15.95,15.95,15.95,15.95,"1,000",6.69,"45,780",730,0,0,"45,780",730,"513,351"
170,04/05/2020,IDI,3.85,3.8,3.9,4.05,3.75,3.98,50,1.3,"2,566,770","10,204",0,0,"2,566,770","10,204","887,814"
171,04/05/2020,IJC,11.3,11,10.95,11.3,10.9,11.09,-350,-3.1,"268,770","2,976","100,000","1,130","368,770","4,106","1,501,216"
172,04/05/2020,ILB,14.8,14.8,14.7,14.8,14.7,14.71,-100,-0.68,"13,050",192,0,0,"13,050",192,"360,183"
173,04/05/2020,IMP,53.5,53.5,52.1,53.5,51.6,53.07,"-1,400",-2.62,"21,280","1,124","20,000","1,140","41,280","2,264","2,573,081"
174,04/05/2020,ITA,2.42,2.46,2.58,2.58,2.42,2.54,160,6.61,"15,560,440","39,543",0,0,"15,560,440","39,543","2,420,870"
175,04/05/2020,ITC,13.9,13.9,13.9,13.9,13.9,0,0,0,0,0,0,0,0,0,"1,001,890"
176,04/05/2020,ITD,8.2,8.5,8.2,8.5,8.2,8.19,0,0,"8,430",69,0,0,"8,430",69,"155,739"
177,04/05/2020,JVC,2.76,2.61,2.6,2.7,2.6,2.64,-160,-5.8,"384,840","1,013",0,0,"384,840","1,013","292,500"
178,04/05/2020,KBC,12.7,12.45,12.35,12.55,12.3,12.4,-350,-2.76,"3,111,820","38,598",0,0,"3,111,820","38,598","5,801,538"
179,04/05/2020,KDC,17.3,17.3,17.5,17.5,17.15,17.24,200,1.16,"291,670","5,045",0,0,"291,670","5,045","3,599,070"
180,04/05/2020,KDH,20.95,20.9,20.9,21,20.8,20.91,-50,-0.24,"532,680","11,138",0,0,"532,680","11,138","11,378,568"
181,04/05/2020,KHP,8.84,8.8,8.31,8.8,8.31,8.59,-530,-6,"3,670",32,0,0,"3,670",32,"332,826"
182,04/05/2020,KMR,2.12,2.03,2.1,2.1,2.03,2.09,-20,-0.94,"27,540",57,0,0,"27,540",57,"119,443"
183,04/05/2020,KOS,29.3,29.7,29,30,28.8,29.23,-300,-1.02,"317,570","9,270",0,0,"317,570","9,270","3,008,750"
184,04/05/2020,KPF,21,21,21,21,21,0,0,0,0,0,0,0,0,0,"378,376"
185,04/05/2020,KSB,18.5,18.4,17.7,18.6,17.7,18.19,-800,-4.32,"561,510","10,184",0,0,"561,510","10,184","947,778"
186,04/05/2020,L10,14.7,13.8,15.7,15.7,13.8,13.91,"1,000",6.8,"1,560",22,0,0,"1,560",22,"153,703"
187,04/05/2020,LAF,9,9,9,9,9,0,0,0,10,0,0,0,10,0,"132,552"
188,04/05/2020,LBM,25.4,25.5,25.6,27,25.2,25.33,200,0.79,960,24,0,0,960,24,"256,000"
189,04/05/2020,LCG,5.8,5.45,5.4,5.59,5.4,5.45,-400,-6.9,"799,730","4,360",0,0,"799,730","4,360","555,667"
190,04/05/2020,LCM,0.69,0.65,0.65,0.66,0.65,0.65,-40,-5.8,"73,930",48,0,0,"73,930",48,"16,011"
191,04/05/2020,LDG,4.85,4.85,4.74,4.89,4.56,4.71,-110,-2.27,"3,164,920","14,932","6,000,000","29,100","9,164,920","44,032","1,136,758"
192,04/05/2020,LEC,17,17,17,17,17,0,0,0,10,0,0,0,10,0,"443,700"
193,04/05/2020,LGC,42,42,42,42,42,0,0,0,0,0,0,0,0,0,"8,099,900"
194,04/05/2020,LGL,5.02,4.7,5.02,5.02,4.67,4.67,0,0,"44,570",218,0,0,"44,570",218,"250,985"
195,04/05/2020,LHG,16.65,16.35,16.3,16.5,16.3,16.37,-350,-2.1,"218,590","3,576",0,0,"218,590","3,576","815,196"
196,04/05/2020,LIX,56.5,56.8,55.9,57,55.2,56.26,-600,-1.06,"39,360","2,215",0,0,"39,360","2,215","1,811,160"
197,04/05/2020,LM8,25.5,25.5,25.5,25.5,25.5,0,0,0,0,0,0,0,0,0,"239,411"
198,04/05/2020,LMH,1.2,1.12,1.12,1.12,1.12,1.12,-80,-6.67,"694,860",778,0,0,"694,860",778,"28,706"
199,04/05/2020,LSS,4.54,4.54,4.56,4.56,4.5,4.54,20,0.44,"45,400",206,0,0,"45,400",206,"305,497"
200,04/05/2020,MBB,15.95,15.95,15.85,16.05,15.85,15.93,-100,-0.63,"2,266,940","36,087","200,000","3,410","2,466,940","39,497","38,221,114"
201,04/05/2020,MCG,1.6,1.52,1.49,1.52,1.49,1.51,-110,-6.88,"30,380",45,0,0,"30,380",45,"77,554"
202,04/05/2020,MCP,14.4,14.4,14.4,14.4,14.4,0,0,0,0,0,0,0,0,0,"216,758"
203,04/05/2020,MDG,12,12,12,12,12,0,0,0,0,0,0,0,0,0,"123,897"
204,04/05/2020,MHC,2.79,2.78,2.72,2.79,2.7,2.74,-70,-2.51,"51,430",141,0,0,"51,430",141,"112,627"
205,04/05/2020,MSH,33.3,33,32.45,33.3,32.05,32.68,-850,-2.55,"103,460","3,380",0,0,"103,460","3,380","1,622,805"
206,04/05/2020,MSN,58.8,57.2,57.3,58.7,57.1,57.81,"-1,500",-2.55,"1,148,810","66,352",0,0,"1,148,810","66,352","66,980,631"
207,04/05/2020,MWG,81.7,81.5,79.4,81.5,79.4,80.46,"-2,300",-2.82,"917,320","73,690","45,600","3,602","962,920","77,292","35,953,704"
208,04/05/2020,NAF,25.5,25.8,24.7,25.8,24,25.05,-800,-3.14,"73,340","1,833",0,0,"73,340","1,833","1,097,664"
209,04/05/2020,NAV,20.15,19,19,19,19,22.22,"-1,150",-5.71,90,2,0,0,90,2,"152,000"
210,04/05/2020,NBB,19.05,19,19.05,19.05,18.7,18.92,0,0,"2,370",45,0,0,"2,370",45,"1,777,770"
211,04/05/2020,NCT,59.1,59.2,59.3,59.5,59.1,59.35,200,0.34,"24,580","1,459",0,0,"24,580","1,459","1,551,628"
212,04/05/2020,NHH,41.55,41.55,41.7,42,41.2,41.52,150,0.36,"228,410","9,484",0,0,"228,410","9,484","1,436,148"
213,04/05/2020,NKG,6.47,6.46,6.55,6.64,6.4,6.56,80,1.24,"2,342,780","15,360",0,0,"2,342,780","15,360","1,192,099"
214,04/05/2020,NLG,22.5,22.5,22.5,22.55,22,22.14,0,0,"1,723,340","38,199",0,0,"1,723,340","38,199","5,618,308"
215,04/05/2020,NNC,45.1,45.5,42,45.5,42,45.41,"-3,100",-6.87,"3,800",173,0,0,"3,800",173,"920,640"
216,04/05/2020,NSC,62.9,65.8,64,65.8,62,62.64,"1,100",1.75,"1,840",115,0,0,"1,840",115,"1,124,769"
217,04/05/2020,NT2,20.55,20.25,20.05,20.45,20.05,20.24,-500,-2.43,"235,860","4,773",0,0,"235,860","4,773","5,771,914"
218,04/05/2020,NTL,17.1,17.1,16.85,17.1,16.8,16.84,-250,-1.46,"88,280","1,487",0,0,"88,280","1,487","1,027,681"
219,04/05/2020,NVL,53.2,53.5,52.8,55,52.1,52.89,-400,-0.75,"1,110,900","58,750","440,000","23,190","1,550,900","81,940","51,191,754"
220,04/05/2020,NVT,5.59,5.2,5.2,5.2,5.2,4.65,-390,-6.98,860,4,0,0,860,4,"470,600"
221,04/05/2020,OGC,3.08,3.29,3.29,3.29,3.26,3.29,210,6.82,"3,451,260","11,348","58,000",166,"3,509,260","11,514","987,000"
222,04/05/2020,OPC,54.9,55,55.5,55.5,54,54.91,600,1.09,"8,680",477,0,0,"8,680",477,"1,475,039"
223,04/05/2020,PAC,22.3,22.3,22.4,22.75,21.7,22.4,100,0.45,"135,770","3,041",0,0,"135,770","3,041","1,040,966"
224,04/05/2020,PAN,23,22.9,23,23,22.5,22.87,0,0,"30,140",690,0,0,"30,140",690,"4,974,660"
225,04/05/2020,PC1,14.1,14.1,14.2,14.4,14,14.17,100,0.71,"412,500","5,846",0,0,"412,500","5,846","2,262,394"
226,04/05/2020,PDN,60,60.8,60.5,61,60.5,60.98,500,0.83,"5,330",325,0,0,"5,330",325,"1,120,578"
227,04/05/2020,PDR,26.8,26.6,26.9,27.5,26.3,26.95,100,0.37,"1,162,140","31,318",0,0,"1,162,140","31,318","8,813,999"
228,04/05/2020,PET,7.1,7.1,7.05,7.13,7.05,7.09,-50,-0.7,"84,270",597,0,0,"84,270",597,"599,319"
229,04/05/2020,PGC,13.2,13.2,13.3,13.4,13.2,13.28,100,0.76,"33,550",445,0,0,"33,550",445,"802,512"
230,04/05/2020,PGD,30.2,30.2,30.2,30.2,30.2,30.32,0,0,"1,550",47,0,0,"1,550",47,"2,717,942"
231,04/05/2020,PGI,15.6,16.35,14.75,16.35,14.75,0,-850,-5.45,50,1,0,0,50,1,"1,308,587"
232,04/05/2020,PHC,9.89,9.9,9.87,9.9,9.75,9.86,-20,-0.2,"19,450",192,0,0,"19,450",192,"254,135"
233,04/05/2020,PHR,45.2,44,43.3,44.75,43.1,43.88,"-1,900",-4.2,"1,462,030","64,082",0,0,"1,462,030","64,082","5,867,115"
234,04/05/2020,PIT,4.1,3.82,3.82,4,3.82,3.57,-280,-6.83,870,3,0,0,870,3,"54,283"
235,04/05/2020,PJT,9.5,9.45,9.5,9.51,9.45,9.35,0,0,"3,210",30,0,0,"3,210",30,"145,925"
236,04/05/2020,PLP,7.78,7.51,7.67,7.67,7.5,7.54,-110,-1.41,"23,460",177,0,0,"23,460",177,"191,750"
237,04/05/2020,PLX,40.3,41.35,40.1,41.35,40,40.46,-200,-0.5,"883,050","35,732",0,0,"883,050","35,732","47,751,611"
238,04/05/2020,PME,61.7,60.5,59.9,61.4,59.5,60,"-1,800",-2.92,"17,650","1,058",0,0,"17,650","1,058","4,493,196"
239,04/05/2020,PMG,12,12,11.6,12,11.55,11.67,-400,-3.33,"8,380",98,0,0,"8,380",98,"488,639"
240,04/05/2020,PNC,9.6,8.98,8.98,8.98,8.98,8.33,-620,-6.46,120,1,0,0,120,1,"96,978"
241,04/05/2020,PNJ,56.9,56.8,56.5,58,56.2,56.83,-400,-0.7,"274,490","15,589",0,0,"274,490","15,589","12,723,132"
242,04/05/2020,POM,4.28,4.15,4.21,4.35,4.15,4.27,-70,-1.64,"1,240",5,0,0,"1,240",5,"1,172,668"
243,04/05/2020,POW,10.55,9.95,9.82,10.25,9.82,9.97,-730,-6.92,"9,813,410","97,722",0,0,"9,813,410","97,722","22,997,179"
244,04/05/2020,PPC,24.9,24.8,24.35,24.9,24.35,24.75,-550,-2.21,"107,060","2,637",0,0,"107,060","2,637","7,806,928"
245,04/05/2020,PTB,43.7,43.7,43.7,43.7,42.7,43.29,0,0,"144,050","6,253",0,0,"144,050","6,253","2,066,986"
246,04/05/2020,PTC,6.96,7.39,6.95,7.39,6.5,6.33,-10,-0.14,"2,380",15,0,0,"2,380",15,"112,659"
247,04/05/2020,PTL,3.5,3.5,3.49,3.5,3.26,3.31,-10,-0.29,"1,220",4,0,0,"1,220",4,"345,039"
248,04/05/2020,PVD,9.15,9.7,9.23,9.7,9.2,9.46,80,0.87,"4,855,470","46,019",0,0,"4,855,470","46,019","3,887,028"
249,04/05/2020,PVT,9.83,9.9,9.65,9.95,9.64,9.76,-180,-1.83,"1,580,610","15,431",0,0,"1,580,610","15,431","2,715,898"
250,04/05/2020,PXI,2.77,2.78,2.84,2.84,2.78,3.03,70,2.53,"6,850",19,0,0,"6,850",19,"85,200"
251,04/05/2020,PXS,3.49,3.49,3.55,3.72,3.49,3.67,60,1.72,"49,460",179,0,0,"49,460",179,"213,000"
252,04/05/2020,PXT,1.04,1.07,1.06,1.07,1.04,1.09,20,1.92,"9,150",10,0,0,"9,150",10,"21,200"
253,04/05/2020,QBS,1.89,1.88,1.85,1.93,1.85,1.92,-40,-2.12,"15,240",28,0,0,"15,240",28,"128,260"
254,04/05/2020,QCG,7.1,7.59,7.2,7.59,7.2,7.41,100,1.41,"1,178,960","8,749",0,0,"1,178,960","8,749","1,980,930"
255,04/05/2020,RAL,72,71.8,74,74,71.5,72.28,"2,000",2.78,"15,440","1,118",0,0,"15,440","1,118","851,000"
256,04/05/2020,RDP,7.3,7.5,7.5,7.5,7.5,0,200,2.74,"1,110",8,0,0,"1,110",8,"280,025"
257,04/05/2020,REE,30,29.55,29.6,30,29.55,29.82,-400,-1.33,"643,730","19,185",0,0,"643,730","19,185","9,177,507"
258,04/05/2020,RIC,4.67,4.35,4.88,4.88,4.35,6.67,210,4.5,160,1,0,0,160,1,"343,400"
259,04/05/2020,ROS,3.76,3.55,3.52,3.64,3.51,3.56,-240,-6.38,"11,269,780","40,136",0,0,"11,269,780","40,136","1,997,945"
260,04/05/2020,S4A,27.5,27.5,27.5,27.5,27.5,0,0,0,0,0,0,0,0,0,"1,160,500"
261,04/05/2020,SAB,163,163,155,163.5,155,160.15,"-8,000",-4.91,"198,030","31,550","763,300","124,016","961,330","155,566","99,398,584"
262,04/05/2020,SAM,9.2,9.15,9.1,9.15,9,9.1,-100,-1.09,"70,800",644,0,0,"70,800",644,"2,334,191"
263,04/05/2020,SAV,8.8,8.8,8.8,8.8,8.8,0,0,0,0,0,0,0,0,0,"119,046"
264,04/05/2020,SBA,14,14.3,14,14.3,13.95,14.05,0,0,"8,410",118,0,0,"8,410",118,"843,992"
265,04/05/2020,SBT,13.75,14,14.15,14.6,13.8,14.25,400,2.91,"2,038,650","29,048",0,0,"2,038,650","29,048","8,302,379"
266,04/05/2020,SBV,9.29,9.29,8.89,9.4,8.89,9.13,-400,-4.31,"39,630",361,0,0,"39,630",361,"242,755"
267,04/05/2020,SC5,18.7,19.8,19.8,19.8,19.8,0,"1,100",5.88,10,0,0,0,10,0,"296,673"
268,04/05/2020,SCD,25,23.5,25.95,25.95,23.5,22.95,950,3.8,610,14,0,0,610,14,"219,995"
269,04/05/2020,SCR,4.5,4.5,4.46,4.52,4.38,4.44,-40,-0.89,"2,810,630","12,500",0,0,"2,810,630","12,500","1,633,949"
270,04/05/2020,SCS,106,106,104.8,106,104.8,105.55,"-1,200",-1.13,"16,210","1,711",0,0,"16,210","1,711","5,278,325"
271,04/05/2020,SFC,20.5,20.5,20.5,20.5,20.5,0,0,0,0,0,0,0,0,0,"230,314"
272,04/05/2020,SFG,5.45,5.55,5.5,5.55,5.23,5.22,50,0.92,"9,790",53,0,0,"9,790",53,"263,435"
273,04/05/2020,SFI,18.1,19.3,17.9,19.3,17.9,18.04,-200,-1.1,"5,290",95,0,0,"5,290",95,"267,163"
274,04/05/2020,SGN,70.5,72,70.5,72,70.5,71.85,0,0,"1,580",113,0,0,"1,580",113,"2,364,118"
275,04/05/2020,SGR,14.5,14.5,14.5,14.5,14.5,0,0,0,10,0,0,0,10,0,"660,329"
276,04/05/2020,SGT,4.1,4.1,4.3,4.3,4,3.92,200,4.88,"5,700",23,0,0,"5,700",23,"318,207"
277,04/05/2020,SHA,4.24,4.2,4.2,4.2,4.1,4.07,-40,-0.94,"2,210",9,0,0,"2,210",9,"127,416"
278,04/05/2020,SHI,8.57,8.25,8.58,8.59,8.25,8.56,10,0.12,"121,930","1,043",0,0,"121,930","1,043","744,481"
279,04/05/2020,SHP,22.5,23,23,23,22.9,22.88,500,2.22,"2,530",58,0,0,"2,530",58,"2,155,335"
280,04/05/2020,SII,20.7,20.7,20.7,20.7,20.7,0,0,0,0,0,0,0,0,0,"1,336,229"
281,04/05/2020,SJD,16.8,16.8,16.8,16.8,16.7,16.81,0,0,"25,950",436,0,0,"25,950",436,"1,159,177"
282,04/05/2020,SJF,1.73,1.8,1.85,1.85,1.73,1.84,120,6.94,"2,350,680","4,327",0,0,"2,350,680","4,327","146,520"
283,04/05/2020,SJS,18.2,17.8,17.95,17.95,17.7,17.84,-250,-1.37,"22,910",409,0,0,"22,910",409,"2,044,460"
284,04/05/2020,SKG,10,10.3,9.8,10.3,9.8,9.97,-200,-2,"163,430","1,625",0,0,"163,430","1,625","620,651"
285,04/05/2020,SMA,17.3,17.3,17.3,17.3,17.3,0,0,0,0,0,0,0,0,0,"329,072"
286,04/05/2020,SMB,29.6,29.75,29.75,29.8,29.6,29.77,150,0.51,"6,680",199,0,0,"6,680",199,"887,938"
287,04/05/2020,SMC,10.65,10.95,11,11,10.95,16.67,350,3.29,60,1,0,0,60,1,"670,152"
288,04/05/2020,SPM,10.85,10.15,10.75,10.75,10.1,10.08,-100,-0.92,"1,190",12,0,0,"1,190",12,"148,028"
289,04/05/2020,SRC,17.1,17.55,17.45,17.7,16.1,17.27,350,2.05,"4,810",83,0,0,"4,810",83,"489,706"
290,04/05/2020,SRF,12.6,12.7,13.4,13.45,12.7,12.73,800,6.35,"2,790",36,0,0,"2,790",36,"411,586"
291,04/05/2020,SSC,51,53.4,53.4,53.4,53.4,0,"2,400",4.71,10,1,0,0,10,1,"708,713"
292,04/05/2020,SSI,13,12.9,12.7,13,12.7,12.84,-300,-2.31,"2,180,310","27,943",0,0,"2,180,310","27,943","7,631,892"
293,04/05/2020,ST8,12.5,12.5,12.5,12.5,12.5,13.33,0,0,320,4,0,0,320,4,"321,511"
294,04/05/2020,STB,9.1,9.1,8.98,9.1,8.98,9.02,-120,-1.32,"4,402,500","39,698","50,000",480,"4,452,500","40,178","16,196,808"
295,04/05/2020,STG,15.7,15.6,15.6,15.6,15.6,0,-100,-0.64,10,0,0,0,10,0,"1,532,752"
296,04/05/2020,STK,17.15,17.15,16.4,17.15,16.4,16.55,-750,-4.37,"13,400",222,0,0,"13,400",222,"1,159,922"
297,04/05/2020,SVC,57,60,60.6,60.9,57,60.84,"3,600",6.32,"46,070","2,803",0,0,"46,070","2,803","1,513,516"
298,04/05/2020,SVI,74.5,76,76,76,76,100,"1,500",2.01,10,1,0,0,10,1,"975,265"
299,04/05/2020,SVT,8,8,8,8,8,10,0,0,100,1,0,0,100,1,"84,215"
300,04/05/2020,SZC,18,17.5,17.45,18,17.4,17.67,-550,-3.06,"601,610","10,620",0,0,"601,610","10,620","1,745,000"
301,04/05/2020,SZL,38.4,37.7,37.5,38.2,37.15,37.8,-900,-2.34,"122,350","4,624",0,0,"122,350","4,624","682,159"
302,04/05/2020,TAC,24.5,25,25,25,24.85,24.94,500,2.04,"12,310",307,0,0,"12,310",307,"846,904"
303,04/05/2020,TBC,22.5,22.5,22.5,22.5,22.5,0,0,0,0,0,0,0,0,0,"1,428,750"
304,04/05/2020,TCB,17.2,17.2,17.4,17.7,17.15,17.46,200,1.16,"2,018,840","35,226","400,000","7,360","2,418,840","42,586","60,902,435"
305,04/05/2020,TCD,9.38,9,9.5,9.59,9,8.99,120,1.28,"1,490",14,0,0,"1,490",14,"401,873"
306,04/05/2020,TCH,21.2,20.8,21,21.25,20.35,20.92,-200,-0.94,"817,150","17,093",0,0,"817,150","17,093","7,418,703"
307,04/05/2020,TCL,17.9,17.9,17.8,17.9,17.4,17.95,-100,-0.56,"2,180",39,0,0,"2,180",39,"536,820"
308,04/05/2020,TCM,15.3,15.2,15,15.25,14.9,15.01,-300,-1.96,"352,350","5,290",0,0,"352,350","5,290","868,747"
309,04/05/2020,TCO,10,9.3,9.3,9.3,9.3,0,-700,-7,20,0,0,0,20,0,"155,571"
310,04/05/2020,TCR,4.2,4.2,4.2,4.2,4.2,0,0,0,0,0,0,0,0,0,"190,786"
311,04/05/2020,TCT,35,35,34.2,35,34.2,34.92,-800,-2.29,"5,270",184,0,0,"5,270",184,"437,350"
312,04/05/2020,TDC,7.63,7.6,7.56,7.69,7.56,7.61,-70,-0.92,"30,710",234,"377,000","2,677","407,710","2,911","756,000"
313,04/05/2020,TDG,1.73,1.73,1.74,1.76,1.73,1.74,10,0.58,"387,310",673,0,0,"387,310",673,"29,180"
314,04/05/2020,TDH,8.3,8,7.9,8.2,7.9,7.99,-400,-4.82,"953,110","7,616","360,000","2,952","1,313,110","10,568","741,639"
315,04/05/2020,TDM,20.75,20.3,20.2,20.75,20.1,20.34,-550,-2.65,"229,310","4,661",0,0,"229,310","4,661","1,933,140"
316,04/05/2020,TDW,23.2,23.2,22.3,23.8,22.3,25,-900,-3.88,200,5,0,0,200,5,"189,550"
317,04/05/2020,TEG,3.05,3.05,3.05,3.05,3.05,0,0,0,70,0,0,0,70,0,"98,770"
318,04/05/2020,TGG,0.87,0.85,0.85,0.88,0.84,0.86,-20,-2.3,"444,870",381,0,0,"444,870",381,"23,205"
319,04/05/2020,THG,45.25,45,45.5,45.5,44,45.1,250,0.55,"6,650",300,0,0,"6,650",300,"600,589"
320,04/05/2020,THI,27.35,27.6,27.6,27.6,27.6,20,250,0.91,50,1,0,0,50,1,"1,214,400"
321,04/05/2020,TIP,18.5,18.3,17.85,18.3,17.35,17.74,-650,-3.51,"115,080","2,044",0,0,"115,080","2,044","464,156"
322,04/05/2020,TIX,28.1,30,30,30.05,30,50,"1,900",6.76,30,1,0,0,30,1,"900,000"
323,04/05/2020,TLD,4.81,4.9,4.81,5.14,4.81,5.13,0,0,"235,300","1,206",0,0,"235,300","1,206","90,042"
324,04/05/2020,TLG,31.4,29.7,30,30.5,29.7,30.21,"-1,400",-4.46,"305,050","9,203",0,0,"305,050","9,203","2,333,834"
325,04/05/2020,TLH,2.95,3,2.91,3,2.9,2.93,-40,-1.36,"195,090",572,0,0,"195,090",572,"292,893"
326,04/05/2020,TMP,33,32.5,32.5,32.5,32.5,32,-500,-1.52,510,17,0,0,510,17,"2,275,000"
327,04/05/2020,TMS,25.8,27.1,27,27.1,24.05,24.7,"1,200",4.65,"4,460",117,0,0,"4,460",117,"1,703,667"
328,04/05/2020,TMT,5.5,5.2,5.2,5.2,5.2,4.98,-300,-5.45,"2,010",10,0,0,"2,010",10,"191,765"
329,04/05/2020,TN1,65.1,65.1,64.7,65.1,64.7,65.06,-400,-0.61,"1,250",81,0,0,"1,250",81,"860,510"
330,04/05/2020,TNA,15.55,15,15.1,16,14.9,15.48,-450,-2.89,"64,220",993,0,0,"64,220",993,"517,162"
331,04/05/2020,TNC,15.15,15,16.2,16.2,15,16.19,"1,050",6.93,"51,030",826,0,0,"51,030",826,"311,850"
332,04/05/2020,TNI,10.3,10.35,10.3,10.35,10.25,10.3,0,0,"449,530","4,630","280,000","2,884","729,530","7,514","540,750"
333,04/05/2020,TNT,1.56,1.51,1.56,1.56,1.51,1.71,0,0,"1,180",2,0,0,"1,180",2,"39,780"
334,04/05/2020,TPB,17.4,17.2,17.4,17.55,17.2,17.44,0,0,"74,680","1,301",0,0,"74,680","1,301","14,208,373"
335,04/05/2020,TPC,8.54,7.95,7.95,7.95,7.95,8,-590,-6.91,"6,020",48,0,0,"6,020",48,"179,010"
336,04/05/2020,TRA,56,56,56,58,56,56.17,0,0,"9,980",561,0,0,"9,980",561,"2,321,230"
337,04/05/2020,TRC,25.9,26.5,26.1,27.2,25.7,26.91,200,0.77,"8,000",216,0,0,"8,000",216,"760,162"
338,04/05/2020,TS4,2.41,2.42,2.36,2.42,2.36,2.38,-50,-2.07,"7,280",18,0,0,"7,280",18,"37,882"
339,04/05/2020,TSC,2.49,2.4,2.32,2.48,2.32,2.33,-170,-6.83,"1,289,320","3,010",0,0,"1,289,320","3,010","342,544"
340,04/05/2020,TTB,2.91,2.86,2.9,2.92,2.86,2.9,-10,-0.34,"405,680","1,175",0,0,"405,680","1,175","135,798"
341,04/05/2020,TTE,13.9,13.9,13.9,13.9,13.9,0,0,0,0,0,0,0,0,0,"396,017"
342,04/05/2020,TTF,2.12,2.19,2.12,2.19,2.1,2.12,0,0,"1,401,860","2,983",0,0,"1,401,860","2,983","659,739"
343,04/05/2020,TV2,58.5,58.5,61,61.8,58.5,60.29,"2,500",4.27,"101,350","6,112",0,0,"101,350","6,112","1,464,617"
344,04/05/2020,TVB,10.2,10.2,10,10.2,9.88,9.95,-200,-1.96,"439,710","4,378",0,0,"439,710","4,378","485,747"
345,04/05/2020,TVS,11,10.8,10.8,10.8,10.8,10,-200,-1.82,"1,400",15,0,0,"1,400",15,"973,347"
346,04/05/2020,TVT,20.5,20,19.6,20,19.6,20,-900,-4.39,"1,150",23,0,0,"1,150",23,"411,600"
347,04/05/2020,TYA,12.5,12.55,12.35,12.6,12.3,12.37,-150,-1.2,"32,040",397,0,0,"32,040",397,"378,905"
348,04/05/2020,UDC,2.79,2.79,2.96,2.96,2.79,2.91,170,6.09,"1,030",3,0,0,"1,030",3,"102,730"
349,04/05/2020,UIC,39.5,41.3,41.3,41.3,41.3,0,"1,800",4.56,120,5,0,0,120,5,"330,400"
350,04/05/2020,VAF,4.59,4.91,4.91,4.91,4.91,0,320,6.97,20,0,0,0,20,0,"184,937"
351,04/05/2020,VCB,68,68,67.4,68.1,66.8,67.55,-600,-0.88,"852,260","57,567","56,000","3,844","908,260","61,411","249,978,340"
352,04/05/2020,VCF,211.9,211.9,211.9,211.9,211.9,0,0,0,0,0,0,0,0,0,"5,632,119"
353,04/05/2020,VCI,17.6,17.5,17.75,18.6,17.4,18.14,150,0.85,"413,270","7,492",0,0,"413,270","7,492","2,916,041"
354,04/05/2020,VDP,34.5,34.5,34.5,34.5,34.5,0,0,0,20,1,0,0,20,1,"439,858"
355,04/05/2020,VDS,6.29,5.88,5.87,5.95,5.87,5.99,-420,-6.68,"3,340",20,0,0,"3,340",20,"587,586"
356,04/05/2020,VFG,39.4,38,38,38,38,0,"-1,400",-3.55,20,1,0,0,20,1,"1,219,301"
357,04/05/2020,VGC,17.3,17.3,16.5,17.3,16.5,16.95,-800,-4.62,"167,100","2,813",0,0,"167,100","2,813","7,397,775"
358,04/05/2020,VHC,29.7,28.6,29.45,30.5,28.6,29.84,-250,-0.84,"616,970","18,364","100,000","3,150","716,970","21,514","5,358,310"
359,04/05/2020,VHM,63.6,63.6,64.9,64.9,63.6,64.51,"1,300",2.04,"1,577,040","101,761",0,0,"1,577,040","101,761","213,489,453"
360,04/05/2020,VIC,91.9,91.9,91.8,92.5,90,91.96,-100,-0.11,"259,550","23,849",0,0,"259,550","23,849","310,507,128"
361,04/05/2020,VID,3.7,3.7,3.7,3.7,3.7,0,0,0,200,1,0,0,200,1,"103,874"
362,04/05/2020,VIP,4.4,4.4,4.3,4.41,4.3,4.34,-100,-2.27,"125,820",545,0,0,"125,820",545,"281,525"
363,04/05/2020,VIS,20.1,18.7,20.1,20.1,18.7,18.81,0,0,"3,030",57,0,0,"3,030",57,"1,483,991"
364,04/05/2020,VJC,115.5,115.5,114.3,116,113.9,115.11,"-1,200",-1.04,"265,270","30,531",0,0,"265,270","30,531","59,874,751"
365,04/05/2020,VMD,19.9,20.2,21.2,21.2,20.2,21.24,"1,300",6.53,"2,590",55,0,0,"2,590",55,"327,334"
366,04/05/2020,VND,10.95,10.9,10.75,10.9,10.75,10.81,-200,-1.83,"462,800","5,000",0,0,"462,800","5,000","2,242,078"
367,04/05/2020,VNE,3.92,3.92,3.97,4.05,3.88,3.96,50,1.28,"333,400","1,319","110,000",418,"443,400","1,737","325,278"
368,04/05/2020,VNG,13.65,13.65,13.3,13.7,12.8,13.32,-350,-2.56,"193,330","2,577",0,0,"193,330","2,577","1,293,779"
369,04/05/2020,VNL,14,14,14,14,14,14.1,0,0,780,11,0,0,780,11,"126,000"
370,04/05/2020,VNM,99,97,97.6,99,97,97.82,"-1,400",-1.41,"1,235,970","120,837","232,250","22,802","1,468,220","143,639","169,958,463"
371,04/05/2020,VNS,9.3,9.28,9.1,9.49,9.1,9.11,-200,-2.15,"8,380",77,0,0,"8,380",77,"617,519"
372,04/05/2020,VOS,1.4,1.4,1.35,1.4,1.35,1.36,-50,-3.57,"80,580",109,0,0,"80,580",109,"189,000"
373,04/05/2020,VPB,20.5,19.55,20.05,20.4,19.5,19.99,-450,-2.2,"3,624,730","72,365",0,0,"3,624,730","72,365","48,876,855"
374,04/05/2020,VPD,14.95,14.2,14.5,14.95,14.2,14.38,-450,-3.01,"3,130",45,0,0,"3,130",45,"1,545,550"
375,04/05/2020,VPG,19.1,19,18.95,19,18.05,18.29,-150,-0.79,"2,030",37,0,0,"2,030",37,"501,225"
376,04/05/2020,VPH,3.76,3.65,3.6,3.75,3.6,3.67,-160,-4.26,"101,460",372,"987,340","3,505","1,088,800","3,877","343,288"
377,04/05/2020,VPI,42.2,42.2,42,42.25,41.35,41.74,-200,-0.47,"314,480","13,127",0,0,"314,480","13,127","6,720,000"
378,04/05/2020,VPS,11.3,11.55,11.6,11.6,11.55,11.58,300,2.65,"5,010",58,0,0,"5,010",58,"283,745"
379,04/05/2020,VRC,6.17,6.05,5.9,6.15,5.9,5.95,-270,-4.38,"144,450",859,0,0,"144,450",859,"295,000"
380,04/05/2020,VRE,23.1,22.8,23.45,23.75,22.8,23.33,350,1.52,"1,757,720","41,017","1,132,050","26,096","2,889,770","67,113","53,285,867"
381,04/05/2020,VSC,25.9,25.5,25.5,25.8,24.8,25.39,-400,-1.54,"235,570","5,983","90,000","2,430","325,570","8,413","1,405,631"
382,04/05/2020,VSH,17.5,18,17.5,18.15,17.5,17.89,0,0,"11,180",198,0,0,"11,180",198,"3,609,222"
383,04/05/2020,VSI,24.45,25.4,26.15,26.15,25.4,25,"1,700",6.95,140,4,0,0,140,4,"345,180"
384,04/05/2020,VTB,10.65,10.55,10.55,10.9,10.55,10,-100,-0.94,360,4,0,0,360,4,"113,988"
385,04/05/2020,VTO,6.86,7.03,6.93,7.03,6.9,6.99,70,1.02,"29,220",204,0,0,"29,220",204,"546,546"
386,04/05/2020,YBM,3.49,3.51,3.51,3.51,3.51,4,20,0.57,500,2,0,0,500,2,"50,193"
387,04/05/2020,YEG,56.8,56.1,54.5,56.1,54.3,54.8,"-2,300",-4.05,"15,930",873,0,0,"15,930",873,"1,608,057"
